{
  "timestamp": "2026-03-19T22:06:55.230116+00:00",
  "file": "C:\\Users\\likhi\\OneDrive\\Desktop\\Reading Materials\\Multi-Agent Systems.pdf",
  "collection": "offline-evals-dataset2",
  "provider": "ollama",
  "embedding_model": "nomic-embed-text",
  "reranker": "cross-encoder",
  "top_n": 5,
  "retriever_k": 20,
  "n_questions": 100,
  "stage1": {
    "recall": 0.6033333333333333,
    "precision": 0.05799999999999999,
    "hit": 0.83,
    "mrr": 0.475092555105713,
    "ndcg": 0.5426690867602348
  },
  "stage2": {
    "recall": 0.44333333333333336,
    "precision": 0.152,
    "hit": 0.66,
    "mrr": 0.5135,
    "ndcg": 0.5436973447962654
  },
  "delta": {
    "recall": -0.013333333333333308,
    "precision": -0.00799999999999998,
    "hit": -0.039999999999999925,
    "mrr": 0.05116666666666664,
    "ndcg": 0.02203457707840384
  },
  "diversity": {
    "stage1": 0.41168530667388736,
    "stage2": 0.43562681404255194
  }
}